memory_id,year,part,problem_no,sub_no,unit,question_type,points,word_limit,source_ref,source_path,answer_source,wb_origin,card_type,deck,priority,status
PEM-WB-C0001-W,H30,I,3,1,01_生命保険会計,first_part,,,H30-3-1; H27-2-1,study/first_part/02-01_生命保険会計.md,study_card:FP-LA-0001,wb+notes,whole,生保2::過去問丸暗記::01_生命保険会計,A,carded
PEM-WB-C0002-W,H30,I,3,1,01_生命保険会計,first_part,,,H30-3-1; H27-2-1,study/first_part/02-01_生命保険会計.md,study_card:FP-LA-0002,wb+notes,whole,生保2::過去問丸暗記::01_生命保険会計,A,carded
PEM-WB-C0002-W-C01,H30,I,3,1,01_生命保険会計,first_part,,,H30-3-1; H27-2-1,study/first_part/02-01_生命保険会計.md,study_card:FP-LA-0002,wb+notes,chunk,生保2::過去問丸暗記::01_生命保険会計,A,carded
PEM-WB-C0002-W-C02,H30,I,3,1,01_生命保険会計,first_part,,,H30-3-1; H27-2-1,study/first_part/02-01_生命保険会計.md,study_card:FP-LA-0002,wb+notes,chunk,生保2::過去問丸暗記::01_生命保険会計,A,carded
PEM-WB-C0004-W,H28,I,1,,01_生命保険会計,first_part,,,H28-1,study/first_part/02-01_生命保険会計.md,study_card:FP-LA-0004,wb+notes,whole,生保2::過去問丸暗記::01_生命保険会計,A,carded
PEM-WB-C0005-W,H13,I,1,,01_生命保険会計,first_part,,,H13-1,study/first_part/02-01_生命保険会計.md,study_card:FP-LA-0005,wb+notes,whole,生保2::過去問丸暗記::01_生命保険会計,A,carded
PEM-WB-C0006-W,H10,I,1,,01_生命保険会計,first_part,,,H10-1,study/first_part/02-01_生命保険会計.md,study_card:FP-LA-0006,wb+notes,whole,生保2::過去問丸暗記::01_生命保険会計,A,carded
PEM-WB-C0007-W,H8,I,1,,01_生命保険会計,first_part,,,H8-1,study/first_part/02-01_生命保険会計.md,study_card:FP-LA-0007,wb+notes,whole,生保2::過去問丸暗記::01_生命保険会計,A,carded
PEM-WB-C0008-W,H2,I,2,,01_生命保険会計,first_part,,,H2-2,study/first_part/02-01_生命保険会計.md,study_card:FP-LA-0008,wb+notes,whole,生保2::過去問丸暗記::01_生命保険会計,A,carded
PEM-WB-C0009-W,H19,I,1,,01_生命保険会計,first_part,,,H19-1,study/first_part/02-01_生命保険会計.md,study_card:FP-LA-0009,wb+notes,whole,生保2::過去問丸暗記::01_生命保険会計,A,carded
PEM-WB-C0010-W,H26,I,2,,01_生命保険会計,first_part,,,H26-2,study/first_part/02-01_生命保険会計.md,study_card:FP-LA-0010,wb+notes,whole,生保2::過去問丸暗記::01_生命保険会計,A,carded
PEM-WB-C0011-W,H14,I,1,,01_生命保険会計,first_part,,,H14-1,study/first_part/02-01_生命保険会計.md,study_card:FP-LA-0012,wb+notes,whole,生保2::過去問丸暗記::01_生命保険会計,A,carded
PEM-WB-C0011-Z01,H14,I,1,,01_生命保険会計,first_part,,,H14-1,study/first_part/02-01_生命保険会計.md,study_card:FP-LA-0012,wb+notes,cloze,生保2::過去問丸暗記::01_生命保険会計,A,carded
PEM-WB-C0012-W,H12,I,1,,01_生命保険会計,first_part,,,H12-1,study/first_part/02-01_生命保険会計.md,study_card:FP-LA-0013,wb+notes,whole,生保2::過去問丸暗記::01_生命保険会計,A,carded
PEM-WB-C0013-W,H18,I,1,,01_生命保険会計,first_part,,,H18-1,study/first_part/02-01_生命保険会計.md,study_card:FP-LA-0011,wb+notes,whole,生保2::過去問丸暗記::01_生命保険会計,A,carded
PEM-WB-C0015-W,H25,I,2,,01_生命保険会計,first_part,,,H25-2; H22-2,study/first_part/02-01_生命保険会計.md,study_card:FP-LA-0015,wb+notes,whole,生保2::過去問丸暗記::01_生命保険会計,A,carded
PEM-WB-C0015-W-C01,H25,I,2,,01_生命保険会計,first_part,,,H25-2; H22-2,study/first_part/02-01_生命保険会計.md,study_card:FP-LA-0015,wb+notes,chunk,生保2::過去問丸暗記::01_生命保険会計,A,carded
PEM-WB-C0015-W-C02,H25,I,2,,01_生命保険会計,first_part,,,H25-2; H22-2,study/first_part/02-01_生命保険会計.md,study_card:FP-LA-0015,wb+notes,chunk,生保2::過去問丸暗記::01_生命保険会計,A,carded
PEM-WB-C0016-W,H25,I,2,,01_生命保険会計,first_part,,,H25-2,study/first_part/02-01_生命保険会計.md,study_card:FP-LA-0016,wb+notes,whole,生保2::過去問丸暗記::01_生命保険会計,A,carded
PEM-WB-C0017-W,H17,I,1,,01_生命保険会計,first_part,,,H17-1,study/first_part/02-01_生命保険会計.md,study_card:FP-LA-0040,wb+notes,whole,生保2::過去問丸暗記::01_生命保険会計,A,carded
PEM-WB-C0017-Z01,H17,I,1,,01_生命保険会計,first_part,,,H17-1,study/first_part/02-01_生命保険会計.md,study_card:FP-LA-0040,wb+notes,cloze,生保2::過去問丸暗記::01_生命保険会計,A,carded
PEM-WB-C0021-W,H30,I,1,,01_生命保険会計,first_part,,,H30-1,study/first_part/02-01_生命保険会計.md,study_card:FP-LA-0017,wb+notes,whole,生保2::過去問丸暗記::01_生命保険会計,A,carded
PEM-WB-C0021-Z01,H30,I,1,,01_生命保険会計,first_part,,,H30-1,study/first_part/02-01_生命保険会計.md,study_card:FP-LA-0017,wb+notes,cloze,生保2::過去問丸暗記::01_生命保険会計,A,carded
PEM-WB-C0022-W,2019,I,2,,01_生命保険会計,first_part,,,2019-2,study/first_part/02-01_生命保険会計.md,study_card:FP-LA-0018,wb+notes,whole,生保2::過去問丸暗記::01_生命保険会計,A,carded
PEM-WB-C0023-W,2019,I,2,,01_生命保険会計,first_part,,,2019-2,study/first_part/02-01_生命保険会計.md,study_card:FP-LA-0019,wb+notes,whole,生保2::過去問丸暗記::01_生命保険会計,A,carded
PEM-WB-C0023-W-C01,2019,I,2,,01_生命保険会計,first_part,,,2019-2,study/first_part/02-01_生命保険会計.md,study_card:FP-LA-0019,wb+notes,chunk,生保2::過去問丸暗記::01_生命保険会計,A,carded
PEM-WB-C0023-W-C02,2019,I,2,,01_生命保険会計,first_part,,,2019-2,study/first_part/02-01_生命保険会計.md,study_card:FP-LA-0019,wb+notes,chunk,生保2::過去問丸暗記::01_生命保険会計,A,carded
PEM-WB-C0024-W,H17,I,2,,01_生命保険会計,first_part,,,H17-2,study/first_part/02-01_生命保険会計.md,study_card:FP-LA-0021,wb+notes,whole,生保2::過去問丸暗記::01_生命保険会計,A,carded
PEM-WB-C0025-W,H17,I,2,,01_生命保険会計,first_part,,,H17-2,study/first_part/02-01_生命保険会計.md,study_card:FP-LA-0022,wb+notes,whole,生保2::過去問丸暗記::01_生命保険会計,A,carded
PEM-WB-C0026-W,H17,I,2,,01_生命保険会計,first_part,,,H17-2,study/first_part/02-01_生命保険会計.md,study_card:FP-LA-0023,wb+notes,whole,生保2::過去問丸暗記::01_生命保険会計,A,carded
PEM-WB-C0027-W,H22,I,2,,01_生命保険会計,first_part,,,H22-2,study/first_part/02-01_生命保険会計.md,study_card:FP-LA-0020,wb+notes,whole,生保2::過去問丸暗記::01_生命保険会計,A,carded
PEM-WB-C0027-W-C01,H22,I,2,,01_生命保険会計,first_part,,,H22-2,study/first_part/02-01_生命保険会計.md,study_card:FP-LA-0020,wb+notes,chunk,生保2::過去問丸暗記::01_生命保険会計,A,carded
PEM-WB-C0027-W-C02,H22,I,2,,01_生命保険会計,first_part,,,H22-2,study/first_part/02-01_生命保険会計.md,study_card:FP-LA-0020,wb+notes,chunk,生保2::過去問丸暗記::01_生命保険会計,A,carded
PEM-WB-C0029-W,H14,I,1,,01_生命保険会計,first_part,,,H14-1,study/first_part/02-01_生命保険会計.md,study_card:FP-LA-0025,wb+notes,whole,生保2::過去問丸暗記::01_生命保険会計,B,carded
PEM-WB-C0030-W,H14,I,1,,01_生命保険会計,first_part,,,H14-1,study/first_part/02-01_生命保険会計.md,study_card:FP-LA-0026,wb+notes,whole,生保2::過去問丸暗記::01_生命保険会計,B,carded
PEM-WB-C0031-W,H26,I,1,,01_生命保険会計,first_part,,,H26-1; 2019-1,study/first_part/02-01_生命保険会計.md,study_card:FP-LA-0058,wb+notes,whole,生保2::過去問丸暗記::01_生命保険会計,B,carded
PEM-WB-C0032-W,H29,I,1,,01_生命保険会計,first_part,,,H29-1,study/first_part/02-01_生命保険会計.md,study_card:FP-LA-0030,wb+notes,whole,生保2::過去問丸暗記::01_生命保険会計,A,carded
PEM-WB-C0032-Z01,H29,I,1,,01_生命保険会計,first_part,,,H29-1,study/first_part/02-01_生命保険会計.md,study_card:FP-LA-0030,wb+notes,cloze,生保2::過去問丸暗記::01_生命保険会計,A,carded
PEM-WB-C0033-W,H20,I,2,,01_生命保険会計,first_part,,,H20-2,study/first_part/02-01_生命保険会計.md,study_card:FP-LA-0029,wb+notes,whole,生保2::過去問丸暗記::01_生命保険会計,A,carded
PEM-WB-C0035-W,H8,I,2,,01_生命保険会計,first_part,,,H8-2,study/first_part/02-01_生命保険会計.md,study_card:FP-LA-0027,wb+notes,whole,生保2::過去問丸暗記::01_生命保険会計,A,carded
PEM-WB-C0036-W,H15,I,3,,01_生命保険会計,first_part,,,H15-3,study/first_part/02-01_生命保険会計.md,study_card:FP-LA-0045,wb+notes,whole,生保2::過去問丸暗記::01_生命保険会計,B,carded
PEM-WB-C0037-W,H24,I,1,,01_生命保険会計,first_part,,,H24-1,study/first_part/02-01_生命保険会計.md,study_card:FP-LA-0046,wb+notes,whole,生保2::過去問丸暗記::01_生命保険会計,B,carded
PEM-WB-C0038-W,H17,I,1,,01_生命保険会計,first_part,,,H17-1,study/first_part/02-01_生命保険会計.md,study_card:FP-LA-0047,wb+notes,whole,生保2::過去問丸暗記::01_生命保険会計,B,carded
PEM-WB-C0039-W,H12,I,1,,01_生命保険会計,first_part,,,H12-1,study/first_part/02-01_生命保険会計.md,study_card:FP-LA-0059,wb+notes,whole,生保2::過去問丸暗記::01_生命保険会計,B,carded
PEM-WB-C0040-W,H16,I,1,,01_生命保険会計,first_part,,,H16-1; H29-1; 2019-1,study/first_part/02-01_生命保険会計.md,study_card:FP-LA-0031,wb+notes,whole,生保2::過去問丸暗記::01_生命保険会計,A,carded
PEM-WB-C0040-Z01,H16,I,1,,01_生命保険会計,first_part,,,H16-1; H29-1; 2019-1,study/first_part/02-01_生命保険会計.md,study_card:FP-LA-0031,wb+notes,cloze,生保2::過去問丸暗記::01_生命保険会計,A,carded
PEM-WB-C0041-W,H24,I,2,,01_生命保険会計,first_part,,,H24-2; H30-1,study/first_part/02-01_生命保険会計.md,study_card:FP-LA-0034,wb+notes,whole,生保2::過去問丸暗記::01_生命保険会計,A,carded
PEM-WB-C0041-W-C01,H24,I,2,,01_生命保険会計,first_part,,,H24-2; H30-1,study/first_part/02-01_生命保険会計.md,study_card:FP-LA-0034,wb+notes,chunk,生保2::過去問丸暗記::01_生命保険会計,A,carded
PEM-WB-C0041-W-C02,H24,I,2,,01_生命保険会計,first_part,,,H24-2; H30-1,study/first_part/02-01_生命保険会計.md,study_card:FP-LA-0034,wb+notes,chunk,生保2::過去問丸暗記::01_生命保険会計,A,carded
PEM-WB-C0041-Z01,H24,I,2,,01_生命保険会計,first_part,,,H24-2; H30-1,study/first_part/02-01_生命保険会計.md,study_card:FP-LA-0034,wb+notes,cloze,生保2::過去問丸暗記::01_生命保険会計,A,carded
PEM-WB-C0042-W,H5,I,1,,01_生命保険会計,first_part,,,H5-1,study/first_part/02-01_生命保険会計.md,study_card:FP-LA-0048,wb+notes,whole,生保2::過去問丸暗記::01_生命保険会計,B,carded
PEM-WB-C0043-W,H20,I,1,,01_生命保険会計,first_part,,,H20-1,study/first_part/02-01_生命保険会計.md,study_card:FP-LA-0032,wb+notes,whole,生保2::過去問丸暗記::01_生命保険会計,B,carded
PEM-WB-C0044-W,H25,I,1,,01_生命保険会計,first_part,,,H25-1,study/first_part/02-01_生命保険会計.md,study_card:FP-LA-0049,wb+notes,whole,生保2::過去問丸暗記::01_生命保険会計,B,carded
PEM-WB-C0045-W,H11,I,1,,01_生命保険会計,first_part,,,H11-1,study/first_part/02-01_生命保険会計.md,study_card:FP-LA-0033,wb+notes,whole,生保2::過去問丸暗記::01_生命保険会計,B,carded
PEM-WB-C0046-W,H25,I,2,,01_生命保険会計,first_part,,,H25-2,study/first_part/02-01_生命保険会計.md,study_card:FP-LA-0035,wb+notes,whole,生保2::過去問丸暗記::01_生命保険会計,A,carded
PEM-WB-C0047-W,H25,I,2,,01_生命保険会計,first_part,,,H25-2,study/first_part/02-01_生命保険会計.md,study_card:FP-LA-0036,wb+notes,whole,生保2::過去問丸暗記::01_生命保険会計,A,carded
PEM-WB-C0047-Z01,H25,I,2,,01_生命保険会計,first_part,,,H25-2,study/first_part/02-01_生命保険会計.md,study_card:FP-LA-0036,wb+notes,cloze,生保2::過去問丸暗記::01_生命保険会計,A,carded
PEM-WB-C0048-W,H25,I,2,,01_生命保険会計,first_part,,,H25-2,study/first_part/02-01_生命保険会計.md,study_card:FP-LA-0035,wb+notes,whole,生保2::過去問丸暗記::01_生命保険会計,A,carded
PEM-WB-C0049-W,H28,I,3,,01_生命保険会計,first_part,,,H28-3,study/first_part/02-01_生命保険会計.md,study_card:FP-LA-0050,wb+notes,whole,生保2::過去問丸暗記::01_生命保険会計,A,carded
PEM-WB-C0049-W-C01,H28,I,3,,01_生命保険会計,first_part,,,H28-3,study/first_part/02-01_生命保険会計.md,study_card:FP-LA-0050,wb+notes,chunk,生保2::過去問丸暗記::01_生命保険会計,A,carded
PEM-WB-C0049-W-C02,H28,I,3,,01_生命保険会計,first_part,,,H28-3,study/first_part/02-01_生命保険会計.md,study_card:FP-LA-0050,wb+notes,chunk,生保2::過去問丸暗記::01_生命保険会計,A,carded
PEM-WB-C0050-W,2019,I,1,,01_生命保険会計,first_part,,,2019-1,study/first_part/02-01_生命保険会計.md,study_card:FP-LA-0060,wb+notes,whole,生保2::過去問丸暗記::01_生命保険会計,B,carded
PEM-WB-C0051-W,H3,I,1,,01_生命保険会計,first_part,,,H3-1,study/first_part/02-01_生命保険会計.md,study_card:FP-LA-0051,wb+notes,whole,生保2::過去問丸暗記::01_生命保険会計,A,carded
PEM-WB-C0052-W,H11,I,2,,01_生命保険会計,first_part,,,H11-2,study/first_part/02-01_生命保険会計.md,study_card:FP-LA-0037,wb+notes,whole,生保2::過去問丸暗記::01_生命保険会計,A,carded
PEM-WB-C0053-W,H13,I,1,,01_生命保険会計,first_part,,,H13-1,study/first_part/02-01_生命保険会計.md,study_card:FP-LA-0038,wb+notes,whole,生保2::過去問丸暗記::01_生命保険会計,A,carded
PEM-WB-C0054-W,H24,I,1,,01_生命保険会計,first_part,,,H24-1; H11-1,study/first_part/02-01_生命保険会計.md,study_card:FP-LA-0061,wb+notes,whole,生保2::過去問丸暗記::01_生命保険会計,B,carded
PEM-WB-C0055-W,H6,I,1,,01_生命保険会計,first_part,,,H6-1; 2019-1,study/first_part/02-01_生命保険会計.md,study_card:FP-LA-0062,wb+notes,whole,生保2::過去問丸暗記::01_生命保険会計,B,carded
PEM-WB-C0056-W,H21,I,1,,01_生命保険会計,first_part,,,H21-1; H10-1,study/first_part/02-01_生命保険会計.md,study_card:FP-LA-0006,wb+notes,whole,生保2::過去問丸暗記::01_生命保険会計,A,carded
PEM-WB-C0057-W,H16,I,1,,01_生命保険会計,first_part,,,H16-1,study/first_part/02-01_生命保険会計.md,study_card:FP-LA-0031,wb+notes,whole,生保2::過去問丸暗記::01_生命保険会計,A,carded
PEM-WB-C0057-Z01,H16,I,1,,01_生命保険会計,first_part,,,H16-1,study/first_part/02-01_生命保険会計.md,study_card:FP-LA-0031,wb+notes,cloze,生保2::過去問丸暗記::01_生命保険会計,A,carded
PEM-WB-C0058-W,H10,I,1,,01_生命保険会計,first_part,,,H10-1,study/first_part/02-01_生命保険会計.md,study_card:FP-LA-0006,wb+notes,whole,生保2::過去問丸暗記::01_生命保険会計,A,carded
PEM-WB-C0059-W,H26,I,1,,01_生命保険会計,first_part,,,H26-1,study/first_part/02-01_生命保険会計.md,study_card:FP-LA-0063,wb+notes,whole,生保2::過去問丸暗記::01_生命保険会計,B,carded
PEM-WB-C0060-W,H23,I,1,,01_生命保険会計,first_part,,,H23-1,study/first_part/02-01_生命保険会計.md,study_card:FP-LA-0052,wb+notes,whole,生保2::過去問丸暗記::01_生命保険会計,B,carded
PEM-WB-C0061-W,H13,I,1,,01_生命保険会計,first_part,,,H13-1,study/first_part/02-01_生命保険会計.md,study_card:FP-LA-0064,wb+notes,whole,生保2::過去問丸暗記::01_生命保険会計,B,carded
PEM-WB-C0062-W,H8,I,1,,01_生命保険会計,first_part,,,H8-1,study/first_part/02-01_生命保険会計.md,study_card:FP-LA-0065,wb+notes,whole,生保2::過去問丸暗記::01_生命保険会計,B,carded
PEM-WB-C0063-W,H2,I,1,,01_生命保険会計,first_part,,,H2-1,study/first_part/02-01_生命保険会計.md,study_card:FP-LA-0053,wb+notes,whole,生保2::過去問丸暗記::01_生命保険会計,B,carded
PEM-WB-C0063-Z01,H2,I,1,,01_生命保険会計,first_part,,,H2-1,study/first_part/02-01_生命保険会計.md,study_card:FP-LA-0053,wb+notes,cloze,生保2::過去問丸暗記::01_生命保険会計,B,carded
PEM-WB-C0065-W,H3,I,1,,01_生命保険会計,first_part,,,H3-1,study/first_part/02-01_生命保険会計.md,study_card:FP-LA-0054,wb+notes,whole,生保2::過去問丸暗記::01_生命保険会計,B,carded
PEM-WB-C0066-W,2019,I,1,,01_生命保険会計,first_part,,,2019-1,study/first_part/02-01_生命保険会計.md,study_card:FP-LA-0056,wb+notes,whole,生保2::過去問丸暗記::01_生命保険会計,B,carded
PEM-WB-C0067-W,H12,I,1,,01_生命保険会計,first_part,,,H12-1,study/first_part/02-01_生命保険会計.md,study_card:FP-LA-0056,wb+notes,whole,生保2::過去問丸暗記::01_生命保険会計,B,carded
PEM-WB-C0068-W,H5,I,2,,01_生命保険会計,first_part,,,H5-2,study/first_part/02-01_生命保険会計.md,study_card:FP-LA-0055,wb+notes,whole,生保2::過去問丸暗記::01_生命保険会計,B,carded
PEM-WB-C0069-W,H20,I,3,,03_契約者配当,first_part,,,H20-3; 2024-3,study/first_part/02-03_契約者配当.md,study_card:FP-PD-0001,wb+notes,whole,生保2::過去問丸暗記::03_契約者配当,A,carded
PEM-WB-C0071-W,H28,I,2,,03_契約者配当,first_part,,,H28-2,study/first_part/02-03_契約者配当.md,study_card:FP-PD-0003,wb+notes,whole,生保2::過去問丸暗記::03_契約者配当,A,carded
PEM-WB-C0071-W-C01,H28,I,2,,03_契約者配当,first_part,,,H28-2,study/first_part/02-03_契約者配当.md,study_card:FP-PD-0003,wb+notes,chunk,生保2::過去問丸暗記::03_契約者配当,A,carded
PEM-WB-C0071-W-C02,H28,I,2,,03_契約者配当,first_part,,,H28-2,study/first_part/02-03_契約者配当.md,study_card:FP-PD-0003,wb+notes,chunk,生保2::過去問丸暗記::03_契約者配当,A,carded
PEM-WB-C0073-W,H14,I,2,,03_契約者配当,first_part,,,H14-2,study/first_part/02-03_契約者配当.md,study_card:FP-PD-0005,wb+notes,whole,生保2::過去問丸暗記::03_契約者配当,A,carded
PEM-WB-C0073-W-C01,H14,I,2,,03_契約者配当,first_part,,,H14-2,study/first_part/02-03_契約者配当.md,study_card:FP-PD-0005,wb+notes,chunk,生保2::過去問丸暗記::03_契約者配当,A,carded
PEM-WB-C0073-W-C02,H14,I,2,,03_契約者配当,first_part,,,H14-2,study/first_part/02-03_契約者配当.md,study_card:FP-PD-0005,wb+notes,chunk,生保2::過去問丸暗記::03_契約者配当,A,carded
PEM-WB-C0073-Z01,H14,I,2,,03_契約者配当,first_part,,,H14-2,study/first_part/02-03_契約者配当.md,study_card:FP-PD-0005,wb+notes,cloze,生保2::過去問丸暗記::03_契約者配当,A,carded
PEM-WB-C0074-W,H10,I,2,,03_契約者配当,first_part,,,H10-2,study/first_part/02-03_契約者配当.md,study_card:FP-PD-0006,wb+notes,whole,生保2::過去問丸暗記::03_契約者配当,A,carded
PEM-WB-C0074-Z01,H10,I,2,,03_契約者配当,first_part,,,H10-2,study/first_part/02-03_契約者配当.md,study_card:FP-PD-0006,wb+notes,cloze,生保2::過去問丸暗記::03_契約者配当,A,carded
PEM-WB-C0075-W,H29,I,2,,03_契約者配当,first_part,,,H29-2,study/first_part/02-03_契約者配当.md,study_card:FP-PD-0007,wb+notes,whole,生保2::過去問丸暗記::03_契約者配当,A,carded
PEM-WB-C0075-W-C01,H29,I,2,,03_契約者配当,first_part,,,H29-2,study/first_part/02-03_契約者配当.md,study_card:FP-PD-0007,wb+notes,chunk,生保2::過去問丸暗記::03_契約者配当,A,carded
PEM-WB-C0075-W-C02,H29,I,2,,03_契約者配当,first_part,,,H29-2,study/first_part/02-03_契約者配当.md,study_card:FP-PD-0007,wb+notes,chunk,生保2::過去問丸暗記::03_契約者配当,A,carded
PEM-WB-C0076-W,H11,I,1,,03_契約者配当,first_part,,,H11-1,study/first_part/02-03_契約者配当.md,study_card:FP-PD-0008,wb+notes,whole,生保2::過去問丸暗記::03_契約者配当,A,carded
PEM-WB-C0077-W,H12,I,1,,03_契約者配当,first_part,,,H12-1,study/first_part/02-03_契約者配当.md,study_card:FP-PD-0021,wb+notes,whole,生保2::過去問丸暗記::03_契約者配当,A,carded
PEM-WB-C0078-W,H12,I,1,,03_契約者配当,first_part,,,H12-1,study/first_part/02-03_契約者配当.md,study_card:FP-PD-0022,wb+notes,whole,生保2::過去問丸暗記::03_契約者配当,A,carded
PEM-WB-C0079-W,H12,I,1,,03_契約者配当,first_part,,,H12-1,study/first_part/02-03_契約者配当.md,study_card:FP-PD-0023,wb+notes,whole,生保2::過去問丸暗記::03_契約者配当,A,carded
PEM-WB-C0080-W,H12,I,1,,03_契約者配当,first_part,,,H12-1,study/first_part/02-03_契約者配当.md,study_card:FP-PD-0024,wb+notes,whole,生保2::過去問丸暗記::03_契約者配当,A,carded
PEM-WB-C0081-W,H12,I,1,,03_契約者配当,first_part,,,H12-1,study/first_part/02-03_契約者配当.md,study_card:FP-PD-0025,wb+notes,whole,生保2::過去問丸暗記::03_契約者配当,A,carded
PEM-WB-C0082-W,H12,I,1,,03_契約者配当,first_part,,,H12-1,study/first_part/02-03_契約者配当.md,study_card:FP-PD-0026,wb+notes,whole,生保2::過去問丸暗記::03_契約者配当,A,carded
PEM-WB-C0083-W,H12,I,1,,03_契約者配当,first_part,,,H12-1; H27-1,study/first_part/02-03_契約者配当.md,study_card:FP-PD-0027,wb+notes,whole,生保2::過去問丸暗記::03_契約者配当,A,carded
PEM-WB-C0084-W,H12,I,1,,03_契約者配当,first_part,,,H12-1,study/first_part/02-03_契約者配当.md,study_card:FP-PD-0028,wb+notes,whole,生保2::過去問丸暗記::03_契約者配当,A,carded
PEM-WB-C0084-W-C01,H12,I,1,,03_契約者配当,first_part,,,H12-1,study/first_part/02-03_契約者配当.md,study_card:FP-PD-0028,wb+notes,chunk,生保2::過去問丸暗記::03_契約者配当,A,carded
PEM-WB-C0084-W-C02,H12,I,1,,03_契約者配当,first_part,,,H12-1,study/first_part/02-03_契約者配当.md,study_card:FP-PD-0028,wb+notes,chunk,生保2::過去問丸暗記::03_契約者配当,A,carded
PEM-WB-C0085-W,H12,I,1,,03_契約者配当,first_part,,,H12-1,study/first_part/02-03_契約者配当.md,study_card:FP-PD-0029,wb+notes,whole,生保2::過去問丸暗記::03_契約者配当,A,carded
PEM-WB-C0086-W,H30,I,2,,03_契約者配当,first_part,,,H30-2; H23-2,study/first_part/02-03_契約者配当.md,study_card:FP-PD-0009,wb+notes,whole,生保2::過去問丸暗記::03_契約者配当,A,carded
PEM-WB-C0088-W,2019,I,3,,03_契約者配当,first_part,,,2019-3,study/first_part/02-03_契約者配当.md,study_card:FP-PD-0016,wb+notes,whole,生保2::過去問丸暗記::03_契約者配当,A,carded
PEM-WB-C0089-W,2019,I,3,,03_契約者配当,first_part,,,2019-3; H19-2,study/first_part/02-03_契約者配当.md,study_card:FP-PD-0017,wb+notes,whole,生保2::過去問丸暗記::03_契約者配当,A,carded
PEM-WB-C0102-W,H21,I,2,,04_リスク管理_ALM_ストレステスト,first_part,,,H21-2,study/first_part/02-04_リスク管理_ALM.md,study_card:FP-RM-0007,wb+notes,whole,生保2::過去問丸暗記::04_リスク管理_ALM_ストレステスト,A,carded
PEM-WB-C0105-W,H29,I,1,,04_リスク管理_ALM_ストレステスト,first_part,,,H29-1,study/first_part/02-04_リスク管理_ALM.md,study_card:FP-RM-0008,wb+notes,whole,生保2::過去問丸暗記::04_リスク管理_ALM_ストレステスト,A,carded
PEM-WB-C0108-W,H6,I,1,,05_事業費,first_part,,,H6-1,study/first_part/02-05_事業費の管理・分析.md,study_card:FP-EX-0001,wb+notes,whole,生保2::過去問丸暗記::05_事業費,A,carded
PEM-WB-C0109-W,H7,I,1,,05_事業費,first_part,,,H7-1,study/first_part/02-05_事業費の管理・分析.md,study_card:FP-EX-0002,wb+notes,whole,生保2::過去問丸暗記::05_事業費,A,carded
PEM-WB-C0110-W,2023,I,3,,05_事業費,first_part,,,2023-3; H16-4,study/first_part/02-05_事業費の管理・分析.md,study_card:FP-EX-0003,wb+notes,whole,生保2::過去問丸暗記::05_事業費,A,carded
PEM-WB-C0111-W,2019,I,3,,05_事業費,first_part,,,2019-3; H23-2,study/first_part/02-05_事業費の管理・分析.md,study_card:FP-EX-0004,wb+notes,whole,生保2::過去問丸暗記::05_事業費,A,carded
PEM-WB-C0112-W,H13,I,1,,05_事業費,first_part,,,H13-1; H26-1,study/first_part/02-05_事業費の管理・分析.md,study_card:FP-EX-0005,wb+notes,whole,生保2::過去問丸暗記::05_事業費,A,carded
PEM-WB-C0113-W,H3,I,1,,05_事業費,first_part,,,H3-1,study/first_part/02-05_事業費の管理・分析.md,study_card:FP-EX-0006,wb+notes,whole,生保2::過去問丸暗記::05_事業費,A,carded
PEM-WB-C0114-W,H10,I,1,,05_事業費,first_part,,,H10-1,study/first_part/02-05_事業費の管理・分析.md,study_card:FP-EX-0007,wb+notes,whole,生保2::過去問丸暗記::05_事業費,B,carded
PEM-WB-C0115-W,H16,I,4,,05_事業費,first_part,,,H16-4; 2024-2,study/first_part/02-05_事業費の管理・分析.md,study_card:FP-EX-0008,wb+notes,whole,生保2::過去問丸暗記::05_事業費,A,carded
PEM-WB-C0115-W-C01,H16,I,4,,05_事業費,first_part,,,H16-4; 2024-2,study/first_part/02-05_事業費の管理・分析.md,study_card:FP-EX-0008,wb+notes,chunk,生保2::過去問丸暗記::05_事業費,A,carded
PEM-WB-C0115-W-C02,H16,I,4,,05_事業費,first_part,,,H16-4; 2024-2,study/first_part/02-05_事業費の管理・分析.md,study_card:FP-EX-0008,wb+notes,chunk,生保2::過去問丸暗記::05_事業費,A,carded
PEM-WB-C0116-W,H30,I,2,,05_事業費,first_part,,,H30-2,study/first_part/02-05_事業費の管理・分析.md,study_card:FP-EX-0009,wb+notes,whole,生保2::過去問丸暗記::05_事業費,A,carded
PEM-WB-C0116-W-C01,H30,I,2,,05_事業費,first_part,,,H30-2,study/first_part/02-05_事業費の管理・分析.md,study_card:FP-EX-0009,wb+notes,chunk,生保2::過去問丸暗記::05_事業費,A,carded
PEM-WB-C0116-W-C02,H30,I,2,,05_事業費,first_part,,,H30-2,study/first_part/02-05_事業費の管理・分析.md,study_card:FP-EX-0009,wb+notes,chunk,生保2::過去問丸暗記::05_事業費,A,carded
PEM-WB-C0117-W,2023,I,3,,05_事業費,first_part,,,2023-3; 2021-1; H27-3,study/first_part/02-05_事業費の管理・分析.md,study_card:FP-EX-0010,wb+notes,whole,生保2::過去問丸暗記::05_事業費,A,carded
PEM-WB-C0117-W-C01,2023,I,3,,05_事業費,first_part,,,2023-3; 2021-1; H27-3,study/first_part/02-05_事業費の管理・分析.md,study_card:FP-EX-0010,wb+notes,chunk,生保2::過去問丸暗記::05_事業費,A,carded
PEM-WB-C0117-W-C02,2023,I,3,,05_事業費,first_part,,,2023-3; 2021-1; H27-3,study/first_part/02-05_事業費の管理・分析.md,study_card:FP-EX-0010,wb+notes,chunk,生保2::過去問丸暗記::05_事業費,A,carded
PEM-WB-C0118-W,H19,I,3,,05_事業費,first_part,,,H19-3,study/first_part/02-05_事業費の管理・分析.md,study_card:FP-EX-0011,wb+notes,whole,生保2::過去問丸暗記::05_事業費,A,carded
PEM-WB-C0120-W,H22,I,1,,05_事業費,first_part,,,H22-1,study/first_part/02-05_事業費の管理・分析.md,study_card:FP-EX-0013,wb+notes,whole,生保2::過去問丸暗記::05_事業費,A,carded
PEM-WB-C0121-W,H28,I,1,,05_事業費,first_part,,,H28-1; 2020-1,study/first_part/02-05_事業費の管理・分析.md,study_card:FP-EX-0014,wb+notes,whole,生保2::過去問丸暗記::05_事業費,A,carded
PEM-WB-C0122-W,H27,I,2,,06_ソルベンシー,first_part,,,H27-2,study/first_part/02-06_ソルベンシー.md,study_card:FP-SV-0001,wb+notes,whole,生保2::過去問丸暗記::06_ソルベンシー,A,carded
PEM-WB-C0122-W-C01,H27,I,2,,06_ソルベンシー,first_part,,,H27-2,study/first_part/02-06_ソルベンシー.md,study_card:FP-SV-0001,wb+notes,chunk,生保2::過去問丸暗記::06_ソルベンシー,A,carded
PEM-WB-C0122-W-C02,H27,I,2,,06_ソルベンシー,first_part,,,H27-2,study/first_part/02-06_ソルベンシー.md,study_card:FP-SV-0001,wb+notes,chunk,生保2::過去問丸暗記::06_ソルベンシー,A,carded
PEM-WB-C0123-W,H11,I,1,,06_ソルベンシー,first_part,,,H11-1,study/first_part/02-06_ソルベンシー.md,study_card:FP-SV-0002,wb+notes,whole,生保2::過去問丸暗記::06_ソルベンシー,A,carded
PEM-WB-C0124-W,2024,I,2,,06_ソルベンシー,first_part,,,2024-2; H28-1,study/first_part/02-06_ソルベンシー.md,study_card:FP-SV-0003,wb+notes,whole,生保2::過去問丸暗記::06_ソルベンシー,A,carded
PEM-WB-C0125-W,H9,I,1,,06_ソルベンシー,first_part,,,H9-1,study/first_part/02-06_ソルベンシー.md,study_card:FP-SV-0004,wb+notes,whole,生保2::過去問丸暗記::06_ソルベンシー,B,carded
PEM-WB-C0126-W,H27,I,1,,06_ソルベンシー,first_part,,,H27-1,study/first_part/02-06_ソルベンシー.md,study_card:FP-SV-0005,wb+notes,whole,生保2::過去問丸暗記::06_ソルベンシー,B,carded
PEM-WB-C0127-W,H10,I,1,,06_ソルベンシー,first_part,,,H10-1,study/first_part/02-06_ソルベンシー.md,study_card:FP-SV-0006,wb+notes,whole,生保2::過去問丸暗記::06_ソルベンシー,B,carded
PEM-WB-C0128-W,H13,I,1,,06_ソルベンシー,first_part,,,H13-1,study/first_part/02-06_ソルベンシー.md,study_card:FP-SV-0007,wb+notes,whole,生保2::過去問丸暗記::06_ソルベンシー,B,carded
PEM-WB-C0129-W,H26,I,2,,06_ソルベンシー,first_part,,,H26-2,study/first_part/02-06_ソルベンシー.md,study_card:FP-SV-0008,wb+notes,whole,生保2::過去問丸暗記::06_ソルベンシー,A,carded
PEM-WB-C0129-W-C01,H26,I,2,,06_ソルベンシー,first_part,,,H26-2,study/first_part/02-06_ソルベンシー.md,study_card:FP-SV-0008,wb+notes,chunk,生保2::過去問丸暗記::06_ソルベンシー,A,carded
PEM-WB-C0129-W-C02,H26,I,2,,06_ソルベンシー,first_part,,,H26-2,study/first_part/02-06_ソルベンシー.md,study_card:FP-SV-0008,wb+notes,chunk,生保2::過去問丸暗記::06_ソルベンシー,A,carded
PEM-WB-C0132-W,H30,I,3,,06_ソルベンシー,first_part,,,H30-3,study/first_part/02-06_ソルベンシー.md,study_card:FP-SV-0011,wb+notes,whole,生保2::過去問丸暗記::06_ソルベンシー,A,carded
PEM-WB-C0132-W-C01,H30,I,3,,06_ソルベンシー,first_part,,,H30-3,study/first_part/02-06_ソルベンシー.md,study_card:FP-SV-0011,wb+notes,chunk,生保2::過去問丸暗記::06_ソルベンシー,A,carded
PEM-WB-C0132-W-C02,H30,I,3,,06_ソルベンシー,first_part,,,H30-3,study/first_part/02-06_ソルベンシー.md,study_card:FP-SV-0011,wb+notes,chunk,生保2::過去問丸暗記::06_ソルベンシー,A,carded
PEM-WB-C0133-W,2021,I,1,,06_ソルベンシー,first_part,,,2021-1; H24-1,study/first_part/02-06_ソルベンシー.md,study_card:FP-SV-0012,wb+notes,whole,生保2::過去問丸暗記::06_ソルベンシー,A,carded
PEM-WB-C0140-W,H26,I,2,,07_内部管理会計_区分経理,first_part,,,H26-2,study/first_part/02-07_内部管理会計・区分経理.md,study_card:FP-IM-0001,wb+notes,whole,生保2::過去問丸暗記::07_内部管理会計_区分経理,A,carded
PEM-WB-C0140-W-C01,H26,I,2,,07_内部管理会計_区分経理,first_part,,,H26-2,study/first_part/02-07_内部管理会計・区分経理.md,study_card:FP-IM-0001,wb+notes,chunk,生保2::過去問丸暗記::07_内部管理会計_区分経理,A,carded
PEM-WB-C0140-W-C02,H26,I,2,,07_内部管理会計_区分経理,first_part,,,H26-2,study/first_part/02-07_内部管理会計・区分経理.md,study_card:FP-IM-0001,wb+notes,chunk,生保2::過去問丸暗記::07_内部管理会計_区分経理,A,carded
PEM-WB-C0141-W,H13,I,1,,07_内部管理会計_区分経理,first_part,,,H13-1,study/first_part/02-07_内部管理会計・区分経理.md,study_card:FP-IM-0002,wb+notes,whole,生保2::過去問丸暗記::07_内部管理会計_区分経理,A,carded
PEM-WB-C0142-W,2019,I,3,,07_内部管理会計_区分経理,first_part,,,2019-3,study/first_part/02-07_内部管理会計・区分経理.md,study_card:FP-IM-0003,wb+notes,whole,生保2::過去問丸暗記::07_内部管理会計_区分経理,A,carded
PEM-WB-C0143-W,H12,I,1,,07_内部管理会計_区分経理,first_part,,,H12-1,study/first_part/02-07_内部管理会計・区分経理.md,study_card:FP-IM-0004,wb+notes,whole,生保2::過去問丸暗記::07_内部管理会計_区分経理,B,carded
PEM-WB-C0144-W,H9,I,2,,07_内部管理会計_区分経理,first_part,,,H9-2,study/first_part/02-07_内部管理会計・区分経理.md,study_card:FP-IM-0005,wb+notes,whole,生保2::過去問丸暗記::07_内部管理会計_区分経理,B,carded
PEM-WB-C0145-W,H30,I,1,,07_内部管理会計_区分経理,first_part,,,H30-1,study/first_part/02-07_内部管理会計・区分経理.md,study_card:FP-IM-0006,wb+notes,whole,生保2::過去問丸暗記::07_内部管理会計_区分経理,B,carded
PEM-WB-C0146-W,H20,I,2,,07_内部管理会計_区分経理,first_part,,,H20-2,study/first_part/02-07_内部管理会計・区分経理.md,study_card:FP-IM-0007,wb+notes,whole,生保2::過去問丸暗記::07_内部管理会計_区分経理,B,carded
PEM-WB-C0148-W,H21,I,1,,07_内部管理会計_区分経理,first_part,,,H21-1,study/first_part/02-07_内部管理会計・区分経理.md,study_card:FP-IM-0009,wb+notes,whole,生保2::過去問丸暗記::07_内部管理会計_区分経理,A,carded
PEM-WB-C0149-W,H20,I,1,,07_内部管理会計_区分経理,first_part,,,H20-1,study/first_part/02-07_内部管理会計・区分経理.md,study_card:FP-IM-0010,wb+notes,whole,生保2::過去問丸暗記::07_内部管理会計_区分経理,A,carded
PEM-WB-C0150-W,H30,I,1,,07_内部管理会計_区分経理,first_part,,,H30-1,study/first_part/02-07_内部管理会計・区分経理.md,study_card:FP-IM-0011,wb+notes,whole,生保2::過去問丸暗記::07_内部管理会計_区分経理,B,carded
PEM-WB-C0151-W,H23,I,2,,07_内部管理会計_区分経理,first_part,,,H23-2; H28-2,study/first_part/02-07_内部管理会計・区分経理.md,study_card:FP-IM-0012,wb+notes,whole,生保2::過去問丸暗記::07_内部管理会計_区分経理,A,carded
PEM-WB-C0152-W,H28,I,2,,07_内部管理会計_区分経理,first_part,,,H28-2,study/first_part/02-07_内部管理会計・区分経理.md,study_card:FP-IM-0013,wb+notes,whole,生保2::過去問丸暗記::07_内部管理会計_区分経理,A,carded
PEM-WB-C0152-W-C01,H28,I,2,,07_内部管理会計_区分経理,first_part,,,H28-2,study/first_part/02-07_内部管理会計・区分経理.md,study_card:FP-IM-0013,wb+notes,chunk,生保2::過去問丸暗記::07_内部管理会計_区分経理,A,carded
PEM-WB-C0152-W-C02,H28,I,2,,07_内部管理会計_区分経理,first_part,,,H28-2,study/first_part/02-07_内部管理会計・区分経理.md,study_card:FP-IM-0013,wb+notes,chunk,生保2::過去問丸暗記::07_内部管理会計_区分経理,A,carded
PEM-WB-C0153-W,H23,I,2,,07_内部管理会計_区分経理,first_part,,,H23-2,study/first_part/02-07_内部管理会計・区分経理.md,study_card:FP-IM-0014,wb+notes,whole,生保2::過去問丸暗記::07_内部管理会計_区分経理,A,carded
PEM-WB-C0153-W-C01,H23,I,2,,07_内部管理会計_区分経理,first_part,,,H23-2,study/first_part/02-07_内部管理会計・区分経理.md,study_card:FP-IM-0014,wb+notes,chunk,生保2::過去問丸暗記::07_内部管理会計_区分経理,A,carded
PEM-WB-C0153-W-C02,H23,I,2,,07_内部管理会計_区分経理,first_part,,,H23-2,study/first_part/02-07_内部管理会計・区分経理.md,study_card:FP-IM-0014,wb+notes,chunk,生保2::過去問丸暗記::07_内部管理会計_区分経理,A,carded
PEM-WB-C0154-W,H28,I,2,,07_内部管理会計_区分経理,first_part,,,H28-2,study/first_part/02-07_内部管理会計・区分経理.md,study_card:FP-IM-0015,wb+notes,whole,生保2::過去問丸暗記::07_内部管理会計_区分経理,B,carded
PEM-WB-C0154-W-C01,H28,I,2,,07_内部管理会計_区分経理,first_part,,,H28-2,study/first_part/02-07_内部管理会計・区分経理.md,study_card:FP-IM-0015,wb+notes,chunk,生保2::過去問丸暗記::07_内部管理会計_区分経理,B,carded
PEM-WB-C0154-W-C02,H28,I,2,,07_内部管理会計_区分経理,first_part,,,H28-2,study/first_part/02-07_内部管理会計・区分経理.md,study_card:FP-IM-0015,wb+notes,chunk,生保2::過去問丸暗記::07_内部管理会計_区分経理,B,carded
PEM-WB-C0154-W-C03,H28,I,2,,07_内部管理会計_区分経理,first_part,,,H28-2,study/first_part/02-07_内部管理会計・区分経理.md,study_card:FP-IM-0015,wb+notes,chunk,生保2::過去問丸暗記::07_内部管理会計_区分経理,B,carded
PEM-WB-C0155-W,2019,I,1,,07_内部管理会計_区分経理,first_part,,,2019-1; H27-1; H17-1,study/first_part/02-07_内部管理会計・区分経理.md,study_card:FP-IM-0016,wb+notes,whole,生保2::過去問丸暗記::07_内部管理会計_区分経理,A,carded
PEM-WB-C0156-W,H22,I,2,,07_内部管理会計_区分経理,first_part,,,H22-2,study/first_part/02-07_内部管理会計・区分経理.md,study_card:FP-IM-0017,wb+notes,whole,生保2::過去問丸暗記::07_内部管理会計_区分経理,A,carded
PEM-WB-C0159-W,H27,I,1,,08_相互会社と株式会社,first_part,,,H27-1,study/first_part/02-08_相互会社と株式会社.md,study_card:FP-MS-0001,wb+notes,whole,生保2::過去問丸暗記::08_相互会社と株式会社,A,carded
PEM-WB-C0160-W,H14,I,1,,08_相互会社と株式会社,first_part,,,H14-1,study/first_part/02-08_相互会社と株式会社.md,study_card:FP-MS-0002,wb+notes,whole,生保2::過去問丸暗記::08_相互会社と株式会社,A,carded
PEM-WB-C0162-W,H25,I,1,,08_相互会社と株式会社,first_part,,,H25-1,study/first_part/02-08_相互会社と株式会社.md,study_card:FP-MS-0004,wb+notes,whole,生保2::過去問丸暗記::08_相互会社と株式会社,A,carded
PEM-WB-C0163-W,H10,I,2,,08_相互会社と株式会社,first_part,,,H10-2,study/first_part/02-08_相互会社と株式会社.md,study_card:FP-MS-0005,wb+notes,whole,生保2::過去問丸暗記::08_相互会社と株式会社,A,carded
PEM-WB-C0164-W,H18,I,2,,08_相互会社と株式会社,first_part,,,H18-2,study/first_part/02-08_相互会社と株式会社.md,study_card:FP-MS-0006,wb+notes,whole,生保2::過去問丸暗記::08_相互会社と株式会社,A,carded
PEM-WB-C0165-W,H18,I,2,,08_相互会社と株式会社,first_part,,,H18-2,study/first_part/02-08_相互会社と株式会社.md,study_card:FP-MS-0007,wb+notes,whole,生保2::過去問丸暗記::08_相互会社と株式会社,A,carded
PEM-WB-C0166-W,H18,I,2,,08_相互会社と株式会社,first_part,,,H18-2,study/first_part/02-08_相互会社と株式会社.md,study_card:FP-MS-0008,wb+notes,whole,生保2::過去問丸暗記::08_相互会社と株式会社,A,carded
PEM-WB-C0167-W,H18,I,2,,08_相互会社と株式会社,first_part,,,H18-2,study/first_part/02-08_相互会社と株式会社.md,study_card:FP-MS-0009,wb+notes,whole,生保2::過去問丸暗記::08_相互会社と株式会社,B,carded
PEM-WB-C0167-W-C01,H18,I,2,,08_相互会社と株式会社,first_part,,,H18-2,study/first_part/02-08_相互会社と株式会社.md,study_card:FP-MS-0009,wb+notes,chunk,生保2::過去問丸暗記::08_相互会社と株式会社,B,carded
PEM-WB-C0167-W-C02,H18,I,2,,08_相互会社と株式会社,first_part,,,H18-2,study/first_part/02-08_相互会社と株式会社.md,study_card:FP-MS-0009,wb+notes,chunk,生保2::過去問丸暗記::08_相互会社と株式会社,B,carded
PEM-WB-C0167-W-C03,H18,I,2,,08_相互会社と株式会社,first_part,,,H18-2,study/first_part/02-08_相互会社と株式会社.md,study_card:FP-MS-0009,wb+notes,chunk,生保2::過去問丸暗記::08_相互会社と株式会社,B,carded
PEM-WB-C0169-W,H1,I,1,1,01_生命保険会計,first_part,,,H1-1-1,study/first_part/02-01_生命保険会計.md,study_card:FP-LA-0057,wb_only,whole,生保2::過去問丸暗記::01_生命保険会計,C,carded
PEM-WB-C0170-W,H4,I,2,2,01_生命保険会計,first_part,,,H4-2-2,study/first_part/02-01_生命保険会計.md,study_card:FP-LA-0057,wb_only,whole,生保2::過去問丸暗記::01_生命保険会計,C,carded
PEM-WB-C0175-W,H4,I,1,3,01_生命保険会計,first_part,,,H4-1-3; H2-3-1,study/first_part/02-01_生命保険会計.md,study_card:FP-LA-0065,wb_only,whole,生保2::過去問丸暗記::01_生命保険会計,B,carded
PEM-WB-C0176-W,H3,I,2,1,01_生命保険会計,first_part,,,H3-2-1,study/first_part/02-01_生命保険会計.md,study_card:FP-LA-0053,wb_only,whole,生保2::過去問丸暗記::01_生命保険会計,B,carded
PEM-WB-C0176-Z01,H3,I,2,1,01_生命保険会計,first_part,,,H3-2-1,study/first_part/02-01_生命保険会計.md,study_card:FP-LA-0053,wb_only,cloze,生保2::過去問丸暗記::01_生命保険会計,B,carded
PEM-WB-C0177-W,H15,I,1,2,01_生命保険会計,first_part,,,H15-1-2,study/first_part/02-01_生命保険会計.md,study_card:FP-LA-0056,wb_only,whole,生保2::過去問丸暗記::01_生命保険会計,B,carded
PEM-WB-C0180-W,H3,I,2,2,90_計理人実務基準,first_part,,,H3-2-2,study/first_part/90_生命保険会社の保険計理人の職務_配当関連.md,study_card:FP-DUTY-0001,wb_only,whole,生保2::過去問丸暗記::90_計理人実務基準,B,carded
PEM-WB-C0181-W,H4,I,2,3,90_計理人実務基準,first_part,,,H4-2-3,study/first_part/90_生命保険会社の保険計理人の職務_配当関連.md,study_card:FP-DUTY-0002,wb_only,whole,生保2::過去問丸暗記::90_計理人実務基準,B,carded
PEM-WB-C0182-W,H4,I,2,3,90_計理人実務基準,first_part,,,H4-2-3,study/first_part/90_生命保険会社の保険計理人の職務_配当関連.md,study_card:FP-DUTY-0003,wb_only,whole,生保2::過去問丸暗記::90_計理人実務基準,B,carded
PEM-WB-C0187-W,H15,I,2,1,90_計理人実務基準,first_part,,,H15-2-1,study/first_part/91_生命保険会社の保険計理人の職務.md,study_card:FP-DUTY-0101,wb_only,whole,生保2::過去問丸暗記::90_計理人実務基準,B,carded
PEM-WB-C0188-W,H17,I,3,1,90_計理人実務基準,first_part,,,H17-3-1,study/first_part/91_生命保険会社の保険計理人の職務.md,study_card:FP-DUTY-0102,wb_only,whole,生保2::過去問丸暗記::90_計理人実務基準,A,carded
PEM-WB-C0192-W,H4,I,1,4,01_生命保険会計,first_part,,,H4-1-4,study/first_part/02-01_生命保険会計.md,study_card:FP-LA-0053,wb_only,whole,生保2::過去問丸暗記::01_生命保険会計,B,carded
PEM-WB-C0192-Z01,H4,I,1,4,01_生命保険会計,first_part,,,H4-1-4,study/first_part/02-01_生命保険会計.md,study_card:FP-LA-0053,wb_only,cloze,生保2::過去問丸暗記::01_生命保険会計,B,carded
PEM-FP-FP-LA-0003-W,2023,I,2,,01_生命保険会計,first_part,,,2023-2,study/first_part/02-01_生命保険会計.md,study_card:FP-LA-0003,non_wb,whole,生保2::過去問丸暗記::01_生命保険会計,A,carded
PEM-FP-FP-LA-0003-W-C01,2023,I,2,,01_生命保険会計,first_part,,,2023-2,study/first_part/02-01_生命保険会計.md,study_card:FP-LA-0003,non_wb,chunk,生保2::過去問丸暗記::01_生命保険会計,A,carded
PEM-FP-FP-LA-0003-W-C02,2023,I,2,,01_生命保険会計,first_part,,,2023-2,study/first_part/02-01_生命保険会計.md,study_card:FP-LA-0003,non_wb,chunk,生保2::過去問丸暗記::01_生命保険会計,A,carded
PEM-FP-FP-LA-0028-W,H26,I,1,,01_生命保険会計,first_part,,,H26-1; 2019-1; current law checked 2026-04-04,study/first_part/02-01_生命保険会計.md,study_card:FP-LA-0028,non_wb,whole,生保2::過去問丸暗記::01_生命保険会計,A,carded
PEM-FP-FP-LA-0043-W,2022,I,3,,01_生命保険会計,first_part,,,2022-3; note,study/first_part/02-01_生命保険会計.md,study_card:FP-LA-0043,non_wb,whole,生保2::過去問丸暗記::01_生命保険会計,A,carded
PEM-FP-FP-PD-0018-W,2022,I,2,,03_契約者配当,first_part,,,2022-2; note,study/first_part/02-03_契約者配当.md,study_card:FP-PD-0018,non_wb,whole,生保2::過去問丸暗記::03_契約者配当,A,carded
PEM-FP-FP-PD-0019-W,2020,I,2,,03_契約者配当,first_part,,,2020-2; note,study/first_part/02-03_契約者配当.md,study_card:FP-PD-0019,non_wb,whole,生保2::過去問丸暗記::03_契約者配当,A,carded
PEM-FP-FP-PD-0020-W,2020,I,2,,03_契約者配当,first_part,,,2020-2; note,study/first_part/02-03_契約者配当.md,study_card:FP-PD-0020,non_wb,whole,生保2::過去問丸暗記::03_契約者配当,A,carded
PEM-FP-FP-RM-2021-001-W,2021,I,3,,04_リスク管理_ALM_ストレステスト,first_part,,,2021-3; note,study/first_part/02-04_リスク管理_ALM.md,study_card:FP-RM-2021-001,non_wb,whole,生保2::過去問丸暗記::04_リスク管理_ALM_ストレステスト,A,carded
PEM-FP-FP-RM-2021-001-W-C01,2021,I,3,,04_リスク管理_ALM_ストレステスト,first_part,,,2021-3; note,study/first_part/02-04_リスク管理_ALM.md,study_card:FP-RM-2021-001,non_wb,chunk,生保2::過去問丸暗記::04_リスク管理_ALM_ストレステスト,A,carded
PEM-FP-FP-RM-2021-001-W-C02,2021,I,3,,04_リスク管理_ALM_ストレステスト,first_part,,,2021-3; note,study/first_part/02-04_リスク管理_ALM.md,study_card:FP-RM-2021-001,non_wb,chunk,生保2::過去問丸暗記::04_リスク管理_ALM_ストレステスト,A,carded
PEM-FP-FP-RM-2021-001-W-C03,2021,I,3,,04_リスク管理_ALM_ストレステスト,first_part,,,2021-3; note,study/first_part/02-04_リスク管理_ALM.md,study_card:FP-RM-2021-001,non_wb,chunk,生保2::過去問丸暗記::04_リスク管理_ALM_ストレステスト,A,carded
PEM-FP-FP-RM-2022-001-W,2022,I,2,,04_リスク管理_ALM_ストレステスト,first_part,,,2022-2; note,study/first_part/02-04_リスク管理_ALM.md,study_card:FP-RM-2022-001,non_wb,whole,生保2::過去問丸暗記::04_リスク管理_ALM_ストレステスト,A,carded
PEM-FP-FP-RM-2022-001-W-C01,2022,I,2,,04_リスク管理_ALM_ストレステスト,first_part,,,2022-2; note,study/first_part/02-04_リスク管理_ALM.md,study_card:FP-RM-2022-001,non_wb,chunk,生保2::過去問丸暗記::04_リスク管理_ALM_ストレステスト,A,carded
PEM-FP-FP-RM-2022-001-W-C02,2022,I,2,,04_リスク管理_ALM_ストレステスト,first_part,,,2022-2; note,study/first_part/02-04_リスク管理_ALM.md,study_card:FP-RM-2022-001,non_wb,chunk,生保2::過去問丸暗記::04_リスク管理_ALM_ストレステスト,A,carded
PEM-FP-FP-RM-2023-001-W,2023,I,2,,04_リスク管理_ALM_ストレステスト,first_part,,,2023-2; note,study/first_part/02-04_リスク管理_ALM.md,study_card:FP-RM-2023-001,non_wb,whole,生保2::過去問丸暗記::04_リスク管理_ALM_ストレステスト,A,carded
PEM-FP-FP-RM-2023-001-W-C01,2023,I,2,,04_リスク管理_ALM_ストレステスト,first_part,,,2023-2; note,study/first_part/02-04_リスク管理_ALM.md,study_card:FP-RM-2023-001,non_wb,chunk,生保2::過去問丸暗記::04_リスク管理_ALM_ストレステスト,A,carded
PEM-FP-FP-RM-2023-001-W-C02,2023,I,2,,04_リスク管理_ALM_ストレステスト,first_part,,,2023-2; note,study/first_part/02-04_リスク管理_ALM.md,study_card:FP-RM-2023-001,non_wb,chunk,生保2::過去問丸暗記::04_リスク管理_ALM_ストレステスト,A,carded
PEM-FP-FP-RM-2023-002-W,2023,I,3,,04_リスク管理_ALM_ストレステスト,first_part,,,2023-3; note,study/first_part/02-04_リスク管理_ALM.md,study_card:FP-RM-2023-002,non_wb,whole,生保2::過去問丸暗記::04_リスク管理_ALM_ストレステスト,A,carded
PEM-FP-FP-RM-2022-002-W,2022,I,1,,04_リスク管理_ALM_ストレステスト,first_part,,,2022-1; note,study/first_part/02-04_リスク管理_ALM.md,study_card:FP-RM-2022-002,non_wb,whole,生保2::過去問丸暗記::04_リスク管理_ALM_ストレステスト,A,carded
PEM-FP-FP-RM-2023-003-W,2023,I,3,,04_リスク管理_ALM_ストレステスト,first_part,,,2023-3; note,study/first_part/02-04_リスク管理_ALM.md,study_card:FP-RM-2023-003,non_wb,whole,生保2::過去問丸暗記::04_リスク管理_ALM_ストレステスト,A,carded
PEM-FP-FP-RM-2024-001-W,2024,I,,,04_リスク管理_ALM_ストレステスト,first_part,,,2024 生保2 問2(1); note/所見対策/10.ストレステスト.txt,study/first_part/02-04_リスク管理_ALM.md,study_card:FP-RM-2024-001,non_wb,whole,生保2::過去問丸暗記::04_リスク管理_ALM_ストレステスト,A,carded
PEM-FP-FP-RM-2024-001-W-C01,2024,I,,,04_リスク管理_ALM_ストレステスト,first_part,,,2024 生保2 問2(1); note/所見対策/10.ストレステスト.txt,study/first_part/02-04_リスク管理_ALM.md,study_card:FP-RM-2024-001,non_wb,chunk,生保2::過去問丸暗記::04_リスク管理_ALM_ストレステスト,A,carded
PEM-FP-FP-RM-2024-001-W-C02,2024,I,,,04_リスク管理_ALM_ストレステスト,first_part,,,2024 生保2 問2(1); note/所見対策/10.ストレステスト.txt,study/first_part/02-04_リスク管理_ALM.md,study_card:FP-RM-2024-001,non_wb,chunk,生保2::過去問丸暗記::04_リスク管理_ALM_ストレステスト,A,carded
PEM-FP-FP-RM-2025-001-W,2025,I,,,04_リスク管理_ALM_ストレステスト,first_part,,,2025 生保2 問1(2); IAA,study/first_part/02-04_リスク管理_ALM.md,study_card:FP-RM-2025-001,non_wb,whole,生保2::過去問丸暗記::04_リスク管理_ALM_ストレステスト,A,carded
PEM-FP-FP-EX-0012-W,2022,I,2,,05_事業費,first_part,,,2022-2; H25-3,study/first_part/02-05_事業費の管理・分析.md,study_card:FP-EX-0012,non_wb,whole,生保2::過去問丸暗記::05_事業費,A,carded
PEM-FP-FP-EX-0012-W-C01,2022,I,2,,05_事業費,first_part,,,2022-2; H25-3,study/first_part/02-05_事業費の管理・分析.md,study_card:FP-EX-0012,non_wb,chunk,生保2::過去問丸暗記::05_事業費,A,carded
PEM-FP-FP-EX-0012-W-C02,2022,I,2,,05_事業費,first_part,,,2022-2; H25-3,study/first_part/02-05_事業費の管理・分析.md,study_card:FP-EX-0012,non_wb,chunk,生保2::過去問丸暗記::05_事業費,A,carded
PEM-FP-FP-SV-0009-W,2022,I,1,,06_ソルベンシー,first_part,,,2022-1; note,study/first_part/02-06_ソルベンシー.md,study_card:FP-SV-0009,non_wb,whole,生保2::過去問丸暗記::06_ソルベンシー,A,carded
PEM-FP-FP-SV-0010-W,2022,I,3,,06_ソルベンシー,first_part,,,2022-3; note,study/first_part/02-06_ソルベンシー.md,study_card:FP-SV-0010,non_wb,whole,生保2::過去問丸暗記::06_ソルベンシー,A,carded
PEM-FP-FP-SV-0013-W,2024,I,1,,06_ソルベンシー,first_part,,,2024-1; note,study/first_part/02-06_ソルベンシー.md,study_card:FP-SV-0013,non_wb,whole,生保2::過去問丸暗記::06_ソルベンシー,A,carded
PEM-FP-FP-SV-0017-W,2024,I,3,,06_ソルベンシー,first_part,,,2024-3; H29-3; note,study/first_part/02-06_ソルベンシー.md,study_card:FP-SV-0017,non_wb,whole,生保2::過去問丸暗記::06_ソルベンシー,A,carded
PEM-FP-FP-SV-0017-W-C01,2024,I,3,,06_ソルベンシー,first_part,,,2024-3; H29-3; note,study/first_part/02-06_ソルベンシー.md,study_card:FP-SV-0017,non_wb,chunk,生保2::過去問丸暗記::06_ソルベンシー,A,carded
PEM-FP-FP-SV-0017-W-C02,2024,I,3,,06_ソルベンシー,first_part,,,2024-3; H29-3; note,study/first_part/02-06_ソルベンシー.md,study_card:FP-SV-0017,non_wb,chunk,生保2::過去問丸暗記::06_ソルベンシー,A,carded
PEM-FP-FP-SV-0018-W,2022,I,3,,06_ソルベンシー,first_part,,,2022-3; note,study/first_part/02-06_ソルベンシー.md,study_card:FP-SV-0018,non_wb,whole,生保2::過去問丸暗記::06_ソルベンシー,A,carded
PEM-FP-FP-SV-0018-W-C01,2022,I,3,,06_ソルベンシー,first_part,,,2022-3; note,study/first_part/02-06_ソルベンシー.md,study_card:FP-SV-0018,non_wb,chunk,生保2::過去問丸暗記::06_ソルベンシー,A,carded
PEM-FP-FP-SV-0018-W-C02,2022,I,3,,06_ソルベンシー,first_part,,,2022-3; note,study/first_part/02-06_ソルベンシー.md,study_card:FP-SV-0018,non_wb,chunk,生保2::過去問丸暗記::06_ソルベンシー,A,carded
PEM-FP-FP-IM-0008-W,2021,I,2,,07_内部管理会計_区分経理,first_part,,,2021-2; note,study/first_part/02-07_内部管理会計・区分経理.md,study_card:FP-IM-0008,non_wb,whole,生保2::過去問丸暗記::07_内部管理会計_区分経理,A,carded
PEM-FP-FP-IM-0008-W-C01,2021,I,2,,07_内部管理会計_区分経理,first_part,,,2021-2; note,study/first_part/02-07_内部管理会計・区分経理.md,study_card:FP-IM-0008,non_wb,chunk,生保2::過去問丸暗記::07_内部管理会計_区分経理,A,carded
PEM-FP-FP-IM-0008-W-C02,2021,I,2,,07_内部管理会計_区分経理,first_part,,,2021-2; note,study/first_part/02-07_内部管理会計・区分経理.md,study_card:FP-IM-0008,non_wb,chunk,生保2::過去問丸暗記::07_内部管理会計_区分経理,A,carded
PEM-FP-FP-IM-0018-W,2023,I,1,,07_内部管理会計_区分経理,first_part,,,2023-1; note,study/first_part/02-07_内部管理会計・区分経理.md,study_card:FP-IM-0018,non_wb,whole,生保2::過去問丸暗記::07_内部管理会計_区分経理,B,carded
PEM-FP-FP-IM-0019-W,2024,I,1,,07_内部管理会計_区分経理,first_part,,,2024-1; note,study/first_part/02-07_内部管理会計・区分経理.md,study_card:FP-IM-0019,non_wb,whole,生保2::過去問丸暗記::07_内部管理会計_区分経理,B,carded
PEM-FP-FP-MS-0003-W,2020,I,1,,08_相互会社と株式会社,first_part,,,2020-1; note,study/first_part/02-08_相互会社と株式会社.md,study_card:FP-MS-0003,non_wb,whole,生保2::過去問丸暗記::08_相互会社と株式会社,B,carded
PEM-II-2018-3-1-1-W,2018,II,3(1),①,01_生命保険会計,part2_small,8,,2018 生保2 問3(1)(①),note/所見分析/年度別/2018H.md,note/所見分析/年度別/2018H.md,non_wb,whole,生保2::過去問丸暗記::01_生命保険会計,A,carded
PEM-II-2018-3-1-2-W,2018,II,3(1),②,01_生命保険会計,part2_long_context,17,,2018 生保2 問3(1)(②),note/所見分析/年度別/2018H.md,note/所見分析/年度別/2018H.md,non_wb,whole,生保2::過去問丸暗記::01_生命保険会計,B,long_context
PEM-II-2019-3-1-1-W,2019,II,3(1),①,03_契約者配当,part2_small,,,2019 生保2 問3(1)(①),note/所見分析/年度別/2019H.md,note/所見分析/年度別/2019H.md,non_wb,whole,生保2::過去問丸暗記::03_契約者配当,A,carded
PEM-II-2019-3-1-2-W,2019,II,3(1),②,05_事業費,part2_small,,,2019 生保2 問3(1)(②),note/所見分析/年度別/2019H.md,note/所見分析/年度別/2019H.md,non_wb,whole,生保2::過去問丸暗記::05_事業費,A,carded
PEM-II-2019-3-1-3-W,2019,II,3(1),③,04_リスク管理_ALM_ストレステスト,part2_long_context,,,2019 生保2 問3(1)(③),note/所見分析/年度別/2019H.md,note/所見分析/年度別/2019H.md,non_wb,whole,生保2::過去問丸暗記::04_リスク管理_ALM_ストレステスト,B,long_context
PEM-II-2019-3-2-1-W,2019,II,3(2),①,05_事業費,part2_small,,,2019 生保2 問3(2)(①),note/所見分析/年度別/2019H.md,note/所見分析/年度別/2019H.md,non_wb,whole,生保2::過去問丸暗記::05_事業費,A,carded
PEM-II-2019-3-2-2-W,2019,II,3(2),②,04_リスク管理_ALM_ストレステスト,part2_small,,,2019 生保2 問3(2)(②),note/所見分析/年度別/2019H.md,note/所見分析/年度別/2019H.md,non_wb,whole,生保2::過去問丸暗記::04_リスク管理_ALM_ストレステスト,A,carded
PEM-II-2019-3-2-3-W,2019,II,3(2),③,04_リスク管理_ALM_ストレステスト,part2_long_context,,,2019 生保2 問3(2)(③),note/所見分析/年度別/2019H.md,note/所見分析/年度別/2019H.md,non_wb,whole,生保2::過去問丸暗記::04_リスク管理_ALM_ストレステスト,B,long_context
PEM-II-2020-3-1-1-W,2020,II,3(1),①,07_内部管理会計_区分経理,part2_small,3,,2020 生保2 問3(1)(①),note/所見分析/年度別/2020H.md,note/所見分析/年度別/2020H.md,non_wb,whole,生保2::過去問丸暗記::07_内部管理会計_区分経理,A,carded
PEM-II-2020-3-1-2-W,2020,II,3(1),②,04_リスク管理_ALM_ストレステスト,part2_small,5,,2020 生保2 問3(1)(②),note/所見分析/年度別/2020H.md,note/所見分析/年度別/2020H.md,non_wb,whole,生保2::過去問丸暗記::04_リスク管理_ALM_ストレステスト,A,carded
PEM-II-2020-3-1-2-W-C01,2020,II,3(1),②,04_リスク管理_ALM_ストレステスト,part2_small,5,,2020 生保2 問3(1)(②),note/所見分析/年度別/2020H.md,note/所見分析/年度別/2020H.md,non_wb,chunk,生保2::過去問丸暗記::04_リスク管理_ALM_ストレステスト,A,carded
PEM-II-2020-3-1-2-W-C02,2020,II,3(1),②,04_リスク管理_ALM_ストレステスト,part2_small,5,,2020 生保2 問3(1)(②),note/所見分析/年度別/2020H.md,note/所見分析/年度別/2020H.md,non_wb,chunk,生保2::過去問丸暗記::04_リスク管理_ALM_ストレステスト,A,carded
PEM-II-2020-3-1-3-W,2020,II,3(1),③,04_リスク管理_ALM_ストレステスト,part2_long_context,17,,2020 生保2 問3(1)(③),note/所見分析/年度別/2020H.md,note/所見分析/年度別/2020H.md,non_wb,whole,生保2::過去問丸暗記::04_リスク管理_ALM_ストレステスト,B,long_context
PEM-II-2020-3-2-1-W,2020,II,3(2),①,04_リスク管理_ALM_ストレステスト,part2_small,6,,2020 生保2 問3(2)(①),note/所見分析/年度別/2020H.md,note/所見分析/年度別/2020H.md,non_wb,whole,生保2::過去問丸暗記::04_リスク管理_ALM_ストレステスト,A,carded
PEM-II-2020-3-2-2-W,2020,II,3(2),②,04_リスク管理_ALM_ストレステスト,part2_long_context,19,,2020 生保2 問3(2)(②),note/所見分析/年度別/2020H.md,note/所見分析/年度別/2020H.md,non_wb,whole,生保2::過去問丸暗記::04_リスク管理_ALM_ストレステスト,B,long_context
PEM-II-2021-3-1-1-W,2021,II,3(1),①,01_生命保険会計,part2_small,3,,2021 生保2 問3(1)(①),note/所見分析/年度別/2021H.md,note/所見分析/年度別/2021H.md,non_wb,whole,生保2::過去問丸暗記::01_生命保険会計,A,carded
PEM-II-2021-3-1-2-W,2021,II,3(1),②,04_リスク管理_ALM_ストレステスト,part2_small,5,,2021 生保2 問3(1)(②),note/所見分析/年度別/2021H.md,note/所見分析/年度別/2021H.md,non_wb,whole,生保2::過去問丸暗記::04_リスク管理_ALM_ストレステスト,A,carded
PEM-II-2021-3-1-3-W,2021,II,3(1),③,04_リスク管理_ALM_ストレステスト,part2_long_context,17,,2021 生保2 問3(1)(③),note/所見分析/年度別/2021H.md,note/所見分析/年度別/2021H.md,non_wb,whole,生保2::過去問丸暗記::04_リスク管理_ALM_ストレステスト,B,long_context
PEM-II-2021-3-2-1-W,2021,II,3(2),①,04_リスク管理_ALM_ストレステスト,part2_small,8,,2021 生保2 問3(2)(①),note/所見分析/年度別/2021H.md,note/所見分析/年度別/2021H.md,non_wb,whole,生保2::過去問丸暗記::04_リスク管理_ALM_ストレステスト,A,carded
PEM-II-2021-3-2-1-W-C01,2021,II,3(2),①,04_リスク管理_ALM_ストレステスト,part2_small,8,,2021 生保2 問3(2)(①),note/所見分析/年度別/2021H.md,note/所見分析/年度別/2021H.md,non_wb,chunk,生保2::過去問丸暗記::04_リスク管理_ALM_ストレステスト,A,carded
PEM-II-2021-3-2-1-W-C02,2021,II,3(2),①,04_リスク管理_ALM_ストレステスト,part2_small,8,,2021 生保2 問3(2)(①),note/所見分析/年度別/2021H.md,note/所見分析/年度別/2021H.md,non_wb,chunk,生保2::過去問丸暗記::04_リスク管理_ALM_ストレステスト,A,carded
PEM-II-2021-3-2-1-W-C03,2021,II,3(2),①,04_リスク管理_ALM_ストレステスト,part2_small,8,,2021 生保2 問3(2)(①),note/所見分析/年度別/2021H.md,note/所見分析/年度別/2021H.md,non_wb,chunk,生保2::過去問丸暗記::04_リスク管理_ALM_ストレステスト,A,carded
PEM-II-2021-3-2-2-W,2021,II,3(2),②,04_リスク管理_ALM_ストレステスト,part2_long_context,17,,2021 生保2 問3(2)(②),note/所見分析/年度別/2021H.md,note/所見分析/年度別/2021H.md,non_wb,whole,生保2::過去問丸暗記::04_リスク管理_ALM_ストレステスト,B,long_context
PEM-II-2022-3-1-A-W,2022,II,3(1),ア,07_内部管理会計_区分経理,part2_small,3,1000,2022 生保2 問3(1)(ア),note/所見分析/年度別/2022H.md,note/所見分析/年度別/2022H.md,non_wb,whole,生保2::過去問丸暗記::07_内部管理会計_区分経理,A,carded
PEM-II-2022-3-1-B-W,2022,II,3(1),イ,07_内部管理会計_区分経理,part2_small,5,1000,2022 生保2 問3(1)(イ),note/所見分析/年度別/2022H.md,note/所見分析/年度別/2022H.md,non_wb,whole,生保2::過去問丸暗記::07_内部管理会計_区分経理,A,carded
PEM-II-2022-3-1-C-W,2022,II,3(1),ウ,04_リスク管理_ALM_ストレステスト,part2_long_context,17,3500,2022 生保2 問3(1)(ウ),note/所見分析/年度別/2022H.md,note/所見分析/年度別/2022H.md,non_wb,whole,生保2::過去問丸暗記::04_リスク管理_ALM_ストレステスト,B,long_context
PEM-II-2022-3-2-A-W,2022,II,3(2),ア,06_ソルベンシー,part2_small,4,1000,2022 生保2 問3(2)(ア),note/所見分析/年度別/2022H.md,note/所見分析/年度別/2022H.md,non_wb,whole,生保2::過去問丸暗記::06_ソルベンシー,A,carded
PEM-II-2022-3-2-B-W,2022,II,3(2),イ,04_リスク管理_ALM_ストレステスト,part2_small,4,1000,2022 生保2 問3(2)(イ),note/所見分析/年度別/2022H.md,note/所見分析/年度別/2022H.md,non_wb,whole,生保2::過去問丸暗記::04_リスク管理_ALM_ストレステスト,A,carded
PEM-II-2022-3-2-B-W-C01,2022,II,3(2),イ,04_リスク管理_ALM_ストレステスト,part2_small,4,1000,2022 生保2 問3(2)(イ),note/所見分析/年度別/2022H.md,note/所見分析/年度別/2022H.md,non_wb,chunk,生保2::過去問丸暗記::04_リスク管理_ALM_ストレステスト,A,carded
PEM-II-2022-3-2-B-W-C02,2022,II,3(2),イ,04_リスク管理_ALM_ストレステスト,part2_small,4,1000,2022 生保2 問3(2)(イ),note/所見分析/年度別/2022H.md,note/所見分析/年度別/2022H.md,non_wb,chunk,生保2::過去問丸暗記::04_リスク管理_ALM_ストレステスト,A,carded
PEM-II-2022-3-2-C-W,2022,II,3(2),ウ,04_リスク管理_ALM_ストレステスト,part2_long_context,17,3500,2022 生保2 問3(2)(ウ),note/所見分析/年度別/2022H.md,note/所見分析/年度別/2022H.md,non_wb,whole,生保2::過去問丸暗記::04_リスク管理_ALM_ストレステスト,B,long_context
PEM-II-2023-3-1-A-W,2023,II,3(1),ア,05_事業費,part2_small,4,,2023 生保2 問3(1)(ア),note/所見分析/年度別/2023H.md,note/所見分析/年度別/2023H.md,non_wb,whole,生保2::過去問丸暗記::05_事業費,A,carded
PEM-II-2023-3-1-B-W,2023,II,3(1),イ,05_事業費,part2_small,4,,2023 生保2 問3(1)(イ),note/所見分析/年度別/2023H.md,note/所見分析/年度別/2023H.md,non_wb,whole,生保2::過去問丸暗記::05_事業費,A,carded
PEM-II-2023-3-1-B-W-C01,2023,II,3(1),イ,05_事業費,part2_small,4,,2023 生保2 問3(1)(イ),note/所見分析/年度別/2023H.md,note/所見分析/年度別/2023H.md,non_wb,chunk,生保2::過去問丸暗記::05_事業費,A,carded
PEM-II-2023-3-1-B-W-C02,2023,II,3(1),イ,05_事業費,part2_small,4,,2023 生保2 問3(1)(イ),note/所見分析/年度別/2023H.md,note/所見分析/年度別/2023H.md,non_wb,chunk,生保2::過去問丸暗記::05_事業費,A,carded
PEM-II-2023-3-1-C-W,2023,II,3(1),ウ,05_事業費,part2_long_context,17,3500,2023 生保2 問3(1)(ウ),note/所見分析/年度別/2023H.md,note/所見分析/年度別/2023H.md,non_wb,whole,生保2::過去問丸暗記::05_事業費,B,long_context
PEM-II-2023-3-2-A-W,2023,II,3(2),ア,04_リスク管理_ALM_ストレステスト,part2_small,3,1000,2023 生保2 問3(2)(ア),note/所見分析/年度別/2023H.md,note/所見分析/年度別/2023H.md,non_wb,whole,生保2::過去問丸暗記::04_リスク管理_ALM_ストレステスト,A,carded
PEM-II-2023-3-2-B-W,2023,II,3(2),イ,04_リスク管理_ALM_ストレステスト,part2_small,5,1000,2023 生保2 問3(2)(イ),note/所見分析/年度別/2023H.md,note/所見分析/年度別/2023H.md,non_wb,whole,生保2::過去問丸暗記::04_リスク管理_ALM_ストレステスト,A,carded
PEM-II-2023-3-2-C-W,2023,II,3(2),ウ,04_リスク管理_ALM_ストレステスト,part2_long_context,17,3500,2023 生保2 問3(2)(ウ),note/所見分析/年度別/2023H.md,note/所見分析/年度別/2023H.md,non_wb,whole,生保2::過去問丸暗記::04_リスク管理_ALM_ストレステスト,B,long_context
PEM-II-2024-3-1-A-W,2024,II,3(1),ア,03_契約者配当,part2_small,6,1000,2024 生保2 問3(1)(ア),note/所見分析/年度別/2024H.md,note/所見分析/年度別/2024H.md,non_wb,whole,生保2::過去問丸暗記::03_契約者配当,A,carded
PEM-II-2024-3-1-B-W,2024,II,3(1),イ,04_リスク管理_ALM_ストレステスト,part2_long_context,19,3500,2024 生保2 問3(1)(イ),note/所見分析/年度別/2024H.md,note/所見分析/年度別/2024H.md,non_wb,whole,生保2::過去問丸暗記::04_リスク管理_ALM_ストレステスト,B,long_context
PEM-II-2024-3-2-A-W,2024,II,3(2),ア,04_リスク管理_ALM_ストレステスト,part2_small,5,1000,2024 生保2 問3(2)(ア),note/所見分析/年度別/2024H.md,note/所見分析/年度別/2024H.md,non_wb,whole,生保2::過去問丸暗記::04_リスク管理_ALM_ストレステスト,A,carded
PEM-II-2024-3-2-A-W-C01,2024,II,3(2),ア,04_リスク管理_ALM_ストレステスト,part2_small,5,1000,2024 生保2 問3(2)(ア),note/所見分析/年度別/2024H.md,note/所見分析/年度別/2024H.md,non_wb,chunk,生保2::過去問丸暗記::04_リスク管理_ALM_ストレステスト,A,carded
PEM-II-2024-3-2-A-W-C02,2024,II,3(2),ア,04_リスク管理_ALM_ストレステスト,part2_small,5,1000,2024 生保2 問3(2)(ア),note/所見分析/年度別/2024H.md,note/所見分析/年度別/2024H.md,non_wb,chunk,生保2::過去問丸暗記::04_リスク管理_ALM_ストレステスト,A,carded
PEM-II-2024-3-2-A-W-C03,2024,II,3(2),ア,04_リスク管理_ALM_ストレステスト,part2_small,5,1000,2024 生保2 問3(2)(ア),note/所見分析/年度別/2024H.md,note/所見分析/年度別/2024H.md,non_wb,chunk,生保2::過去問丸暗記::04_リスク管理_ALM_ストレステスト,A,carded
PEM-II-2024-3-2-A-W-C04,2024,II,3(2),ア,04_リスク管理_ALM_ストレステスト,part2_small,5,1000,2024 生保2 問3(2)(ア),note/所見分析/年度別/2024H.md,note/所見分析/年度別/2024H.md,non_wb,chunk,生保2::過去問丸暗記::04_リスク管理_ALM_ストレステスト,A,carded
PEM-II-2024-3-2-A-W-C05,2024,II,3(2),ア,04_リスク管理_ALM_ストレステスト,part2_small,5,1000,2024 生保2 問3(2)(ア),note/所見分析/年度別/2024H.md,note/所見分析/年度別/2024H.md,non_wb,chunk,生保2::過去問丸暗記::04_リスク管理_ALM_ストレステスト,A,carded
PEM-II-2024-3-2-A-W-C06,2024,II,3(2),ア,04_リスク管理_ALM_ストレステスト,part2_small,5,1000,2024 生保2 問3(2)(ア),note/所見分析/年度別/2024H.md,note/所見分析/年度別/2024H.md,non_wb,chunk,生保2::過去問丸暗記::04_リスク管理_ALM_ストレステスト,A,carded
PEM-II-2024-3-2-A-W-C07,2024,II,3(2),ア,04_リスク管理_ALM_ストレステスト,part2_small,5,1000,2024 生保2 問3(2)(ア),note/所見分析/年度別/2024H.md,note/所見分析/年度別/2024H.md,non_wb,chunk,生保2::過去問丸暗記::04_リスク管理_ALM_ストレステスト,A,carded
PEM-II-2024-3-2-B-W,2024,II,3(2),イ,06_ソルベンシー,part2_small,4,300,2024 生保2 問3(2)(イ),note/所見分析/年度別/2024H.md,note/所見分析/年度別/2024H.md,non_wb,whole,生保2::過去問丸暗記::06_ソルベンシー,A,carded
PEM-II-2024-3-2-C-W,2024,II,3(2),ウ,06_ソルベンシー,part2_long_context,16,3500,2024 生保2 問3(2)(ウ),note/所見分析/年度別/2024H.md,note/所見分析/年度別/2024H.md,non_wb,whole,生保2::過去問丸暗記::06_ソルベンシー,B,long_context
PEM-II-2025-3-1-A-W,2025,II,3(1),ア,06_ソルベンシー,part2_small,5,500,2025 生保2 問3(1)(ア),note/所見分析/年度別/2025H.md,note/所見分析/年度別/2025H.md,non_wb,whole,生保2::過去問丸暗記::06_ソルベンシー,A,carded
PEM-II-2025-3-1-B-W,2025,II,3(1),イ,05_事業費,part2_small,4,250,2025 生保2 問3(1)(イ),note/所見分析/年度別/2025H.md,note/所見分析/年度別/2025H.md,non_wb,whole,生保2::過去問丸暗記::05_事業費,A,carded
PEM-II-2025-3-1-C-W,2025,II,3(1),ウ,04_リスク管理_ALM_ストレステスト,part2_long_context,16,3000,2025 生保2 問3(1)(ウ),note/所見分析/年度別/2025H.md,note/所見分析/年度別/2025H.md,non_wb,whole,生保2::過去問丸暗記::04_リスク管理_ALM_ストレステスト,B,long_context
PEM-II-2025-3-2-A-W,2025,II,3(2),ア,04_リスク管理_ALM_ストレステスト,part2_small,4,500,2025 生保2 問3(2)(ア),note/所見分析/年度別/2025H.md,note/所見分析/年度別/2025H.md,non_wb,whole,生保2::過去問丸暗記::04_リスク管理_ALM_ストレステスト,A,carded
PEM-II-2025-3-2-B-W,2025,II,3(2),イ,04_リスク管理_ALM_ストレステスト,part2_long_context,21,3500,2025 生保2 問3(2)(イ),note/所見分析/年度別/2025H.md,note/所見分析/年度別/2025H.md,non_wb,whole,生保2::過去問丸暗記::04_リスク管理_ALM_ストレステスト,B,long_context
PEM-II-H24-3-2-1-W,H24,II,3(2),①,04_リスク管理_ALM_ストレステスト,part2_small,,,H24 生保2 問3(2)(①),note/所見分析/年度別/H24H.md,note/所見分析/年度別/H24H.md,non_wb,whole,生保2::過去問丸暗記::04_リスク管理_ALM_ストレステスト,A,carded
PEM-II-H24-3-2-2-W,H24,II,3(2),②,04_リスク管理_ALM_ストレステスト,part2_small,,,H24 生保2 問3(2)(②),note/所見分析/年度別/H24H.md,note/所見分析/年度別/H24H.md,non_wb,whole,生保2::過去問丸暗記::04_リスク管理_ALM_ストレステスト,A,carded
PEM-II-H24-3-2-2-W-C01,H24,II,3(2),②,04_リスク管理_ALM_ストレステスト,part2_small,,,H24 生保2 問3(2)(②),note/所見分析/年度別/H24H.md,note/所見分析/年度別/H24H.md,non_wb,chunk,生保2::過去問丸暗記::04_リスク管理_ALM_ストレステスト,A,carded
PEM-II-H24-3-2-2-W-C02,H24,II,3(2),②,04_リスク管理_ALM_ストレステスト,part2_small,,,H24 生保2 問3(2)(②),note/所見分析/年度別/H24H.md,note/所見分析/年度別/H24H.md,non_wb,chunk,生保2::過去問丸暗記::04_リスク管理_ALM_ストレステスト,A,carded
PEM-II-H24-3-2-3-W,H24,II,3(2),③,04_リスク管理_ALM_ストレステスト,part2_small,,,H24 生保2 問3(2)(③),note/所見分析/年度別/H24H.md,note/所見分析/年度別/H24H.md,non_wb,whole,生保2::過去問丸暗記::04_リスク管理_ALM_ストレステスト,A,carded
PEM-II-H27-3-1-1-W,H27,II,3(1),①,05_事業費,part2_small,,,H27 生保2 問3(1)(①),note/所見分析/年度別/H27H.md,note/所見分析/年度別/H27H.md,non_wb,whole,生保2::過去問丸暗記::05_事業費,A,carded
PEM-II-H27-3-1-2-W,H27,II,3(1),②,04_リスク管理_ALM_ストレステスト,part2_small,,,H27 生保2 問3(1)(②),note/所見分析/年度別/H27H.md,note/所見分析/年度別/H27H.md,non_wb,whole,生保2::過去問丸暗記::04_リスク管理_ALM_ストレステスト,A,carded
PEM-II-H27-3-1-2-W-C01,H27,II,3(1),②,04_リスク管理_ALM_ストレステスト,part2_small,,,H27 生保2 問3(1)(②),note/所見分析/年度別/H27H.md,note/所見分析/年度別/H27H.md,non_wb,chunk,生保2::過去問丸暗記::04_リスク管理_ALM_ストレステスト,A,carded
PEM-II-H27-3-1-2-W-C02,H27,II,3(1),②,04_リスク管理_ALM_ストレステスト,part2_small,,,H27 生保2 問3(1)(②),note/所見分析/年度別/H27H.md,note/所見分析/年度別/H27H.md,non_wb,chunk,生保2::過去問丸暗記::04_リスク管理_ALM_ストレステスト,A,carded
PEM-II-H27-3-1-3-W,H27,II,3(1),③,04_リスク管理_ALM_ストレステスト,part2_long_context,,,H27 生保2 問3(1)(③),note/所見分析/年度別/H27H.md,note/所見分析/年度別/H27H.md,non_wb,whole,生保2::過去問丸暗記::04_リスク管理_ALM_ストレステスト,B,long_context
PEM-II-H27-3-2-1-W,H27,II,3(2),①,05_事業費,part2_small,,,H27 生保2 問3(2)(①),note/所見分析/年度別/H27H.md,note/所見分析/年度別/H27H.md,non_wb,whole,生保2::過去問丸暗記::05_事業費,A,carded
PEM-II-H27-3-2-1-W-C01,H27,II,3(2),①,05_事業費,part2_small,,,H27 生保2 問3(2)(①),note/所見分析/年度別/H27H.md,note/所見分析/年度別/H27H.md,non_wb,chunk,生保2::過去問丸暗記::05_事業費,A,carded
PEM-II-H27-3-2-1-W-C02,H27,II,3(2),①,05_事業費,part2_small,,,H27 生保2 問3(2)(①),note/所見分析/年度別/H27H.md,note/所見分析/年度別/H27H.md,non_wb,chunk,生保2::過去問丸暗記::05_事業費,A,carded
PEM-II-H27-3-2-2-W,H27,II,3(2),②,04_リスク管理_ALM_ストレステスト,part2_long_context,,,H27 生保2 問3(2)(②),note/所見分析/年度別/H27H.md,note/所見分析/年度別/H27H.md,non_wb,whole,生保2::過去問丸暗記::04_リスク管理_ALM_ストレステスト,B,long_context
PEM-II-H28-3-1-1-W,H28,II,3(1),①,04_リスク管理_ALM_ストレステスト,part2_small,,,H28 生保2 問3(1)(①),note/所見分析/年度別/H28H.md,note/所見分析/年度別/H28H.md,non_wb,whole,生保2::過去問丸暗記::04_リスク管理_ALM_ストレステスト,A,carded
PEM-II-H28-3-1-2-W,H28,II,3(1),②,04_リスク管理_ALM_ストレステスト,part2_small,,,H28 生保2 問3(1)(②),note/所見分析/年度別/H28H.md,note/所見分析/年度別/H28H.md,non_wb,whole,生保2::過去問丸暗記::04_リスク管理_ALM_ストレステスト,A,carded
PEM-II-H28-3-1-2-W-C01,H28,II,3(1),②,04_リスク管理_ALM_ストレステスト,part2_small,,,H28 生保2 問3(1)(②),note/所見分析/年度別/H28H.md,note/所見分析/年度別/H28H.md,non_wb,chunk,生保2::過去問丸暗記::04_リスク管理_ALM_ストレステスト,A,carded
PEM-II-H28-3-1-2-W-C02,H28,II,3(1),②,04_リスク管理_ALM_ストレステスト,part2_small,,,H28 生保2 問3(1)(②),note/所見分析/年度別/H28H.md,note/所見分析/年度別/H28H.md,non_wb,chunk,生保2::過去問丸暗記::04_リスク管理_ALM_ストレステスト,A,carded
PEM-II-H28-3-1-2-W-C03,H28,II,3(1),②,04_リスク管理_ALM_ストレステスト,part2_small,,,H28 生保2 問3(1)(②),note/所見分析/年度別/H28H.md,note/所見分析/年度別/H28H.md,non_wb,chunk,生保2::過去問丸暗記::04_リスク管理_ALM_ストレステスト,A,carded
PEM-II-H28-3-1-2-W-C04,H28,II,3(1),②,04_リスク管理_ALM_ストレステスト,part2_small,,,H28 生保2 問3(1)(②),note/所見分析/年度別/H28H.md,note/所見分析/年度別/H28H.md,non_wb,chunk,生保2::過去問丸暗記::04_リスク管理_ALM_ストレステスト,A,carded
PEM-II-H28-3-1-2-W-C05,H28,II,3(1),②,04_リスク管理_ALM_ストレステスト,part2_small,,,H28 生保2 問3(1)(②),note/所見分析/年度別/H28H.md,note/所見分析/年度別/H28H.md,non_wb,chunk,生保2::過去問丸暗記::04_リスク管理_ALM_ストレステスト,A,carded
PEM-II-H28-3-1-2-W-C06,H28,II,3(1),②,04_リスク管理_ALM_ストレステスト,part2_small,,,H28 生保2 問3(1)(②),note/所見分析/年度別/H28H.md,note/所見分析/年度別/H28H.md,non_wb,chunk,生保2::過去問丸暗記::04_リスク管理_ALM_ストレステスト,A,carded
PEM-II-H28-3-1-2-W-C07,H28,II,3(1),②,04_リスク管理_ALM_ストレステスト,part2_small,,,H28 生保2 問3(1)(②),note/所見分析/年度別/H28H.md,note/所見分析/年度別/H28H.md,non_wb,chunk,生保2::過去問丸暗記::04_リスク管理_ALM_ストレステスト,A,carded
PEM-II-H28-3-1-2-W-C08,H28,II,3(1),②,04_リスク管理_ALM_ストレステスト,part2_small,,,H28 生保2 問3(1)(②),note/所見分析/年度別/H28H.md,note/所見分析/年度別/H28H.md,non_wb,chunk,生保2::過去問丸暗記::04_リスク管理_ALM_ストレステスト,A,carded
PEM-II-H28-3-2-1-W,H28,II,3(2),①,05_事業費,part2_small,,,H28 生保2 問3(2)(①),note/所見分析/年度別/H28H.md,note/所見分析/年度別/H28H.md,non_wb,whole,生保2::過去問丸暗記::05_事業費,A,carded
PEM-II-H28-3-2-2-W,H28,II,3(2),②,05_事業費,part2_long_context,,,H28 生保2 問3(2)(②),note/所見分析/年度別/H28H.md,note/所見分析/年度別/H28H.md,non_wb,whole,生保2::過去問丸暗記::05_事業費,B,long_context
PEM-II-H29-3-1-1-W,H29,II,3(1),①,05_事業費,part2_small,10,,H29 生保2 問3(1)(①),note/所見分析/年度別/H29H.md,note/所見分析/年度別/H29H.md,non_wb,whole,生保2::過去問丸暗記::05_事業費,A,carded
PEM-II-H29-3-1-1-W-C01,H29,II,3(1),①,05_事業費,part2_small,10,,H29 生保2 問3(1)(①),note/所見分析/年度別/H29H.md,note/所見分析/年度別/H29H.md,non_wb,chunk,生保2::過去問丸暗記::05_事業費,A,carded
PEM-II-H29-3-1-1-W-C02,H29,II,3(1),①,05_事業費,part2_small,10,,H29 生保2 問3(1)(①),note/所見分析/年度別/H29H.md,note/所見分析/年度別/H29H.md,non_wb,chunk,生保2::過去問丸暗記::05_事業費,A,carded
PEM-II-H29-3-1-2-W,H29,II,3(1),②,04_リスク管理_ALM_ストレステスト,part2_long_context,20,,H29 生保2 問3(1)(②),note/所見分析/年度別/H29H.md,note/所見分析/年度別/H29H.md,non_wb,whole,生保2::過去問丸暗記::04_リスク管理_ALM_ストレステスト,B,long_context
PEM-II-H29-3-2-1-W,H29,II,3(2),①,06_ソルベンシー,part2_small,4,,H29 生保2 問3(2)(①),note/所見分析/年度別/H29H.md,note/所見分析/年度別/H29H.md,non_wb,whole,生保2::過去問丸暗記::06_ソルベンシー,A,carded
PEM-II-H29-3-2-2-W,H29,II,3(2),②,04_リスク管理_ALM_ストレステスト,part2_long_context,16,,H29 生保2 問3(2)(②),note/所見分析/年度別/H29H.md,note/所見分析/年度別/H29H.md,non_wb,whole,生保2::過去問丸暗記::04_リスク管理_ALM_ストレステスト,B,long_context
